;available;price;name;rating;link
0;В наличии;5999;MSI GeForce 210 [N210-1GD3/LP] [PCI-E 2.0, 1 ГБ GDDR3, 64 бит, 460 МГц, HDMI, VGA (D-Sub), DVI-I];4;https://www.dns-shop.ru//product/5a7b4c6d0bc3c823/videokarta-msi-geforce-210-n210-1gd3lp/
1;В наличии;6999;PowerColor AMD Radeon R7 240 [AXR7 240 2GBD5-HLEV2] [PCI-E 3.0, 2 ГБ GDDR5, 64 бит, 730 МГц - 780 МГц, DVI-D, HDMI];4,5;https://www.dns-shop.ru//product/8c12d3e82d96ed20/videokarta-powercolor-amd-radeon-r7-240-axr7-240-2gbd5-hlev2/
2;В наличии;7999;GIGABYTE GeForce GT 730 [GV-N730D3-2GI] [PCI-E 2.0, 2 ГБ GDDR3, 64 бит, 902 МГц, HDMI, VGA (D-Sub)];4;https://www.dns-shop.ru//product/34addc5349e64699/videokarta-gigabyte-geforce-gt-730-gv-n730d3-2gi/
3;В наличии;8799;ASUS GeForce GT 730 Silent LP [GT730-SL-2GD5-BRK] [PCI-E 2.0, 2 ГБ GDDR5, 64 бит, 902 МГц, HDMI, VGA (D-Sub), DVI-D];4,5;https://www.dns-shop.ru//product/6aae0cdaa22f3361/videokarta-asus-geforce-gt-730-silent-lp-gt730-sl-2gd5-brk/
4;В наличии;8799;Palit GeForce GT 1030 [NEC103000646-1082F] [PCI-E 3.0, 2 ГБ DDR4, 64 бит, 1151 МГц - 1379 МГц, HDMI, DVI-D];4;https://www.dns-shop.ru//product/dffe1d266ba03330/videokarta-palit-geforce-gt-1030-nec103000646-1082f/
5;В наличии;8999;GigaByte GeForce GT 730 LP [GV-N730D5-2GL] [PCI-E 2.0, 2 ГБ GDDR5, 64 бит, 902 МГц, HDMI, DVI-I];4,5;https://www.dns-shop.ru//product/e5fcb990de4e3330/videokarta-gigabyte-geforce-gt-730-lp-gv-n730d5-2gl/
6;В наличии;8999;KFA2 GeForce GT 730 [70NPF4HX003K] [PCI-E 2.0, 2 ГБ DDR3, 64 бит, 902 МГц, DVI-I, HDMI, VGA (D-Sub)];4,5;https://www.dns-shop.ru//product/66b8a6c73850ed20/videokarta-kfa2-geforce-gt-730-70npf4hx003k/
7;В наличии;8999;KFA2 GeForce GT 730 [70NQS4HX00WK] [PCI-E 2.0, 4 ГБ DDR3, 64 бит, 901 МГц, DVI-I, HDMI, VGA (D-Sub)];4;https://www.dns-shop.ru//product/622cfa0b428ded20/videokarta-kfa2-geforce-gt-730-70nqs4hx00wk/
8;В наличии;8999;Palit GeForce GT 730 Silent LP [NEAT7300HD46-2080H] [PCI-E 2.0, 2 ГБ GDDR3, 64 бит, 902 МГц, DVI-D, HDMI, VGA (D-Sub)];4,5;https://www.dns-shop.ru//product/73667432f7681b80/videokarta-palit-geforce-gt-730-silent-lp-neat7300hd46-2080h/
9;В наличии;8999;PowerColor AMD Radeon 550 LP [AXRX 550 2GBD5-HLEV2] [PCI-E 3.0, 2 ГБ GDDR5, 64 бит, 1100 МГц - 1071 МГц, DVI-D, HDMI];2,5;https://www.dns-shop.ru//product/48f5e3b94dc6ed20/videokarta-powercolor-amd-radeon-550-lp-axrx-550-2gbd5-hlev2/
10;В наличии;8999;PowerColor AMD Radeon 550 LP [AXRX 550 2GBD5-HLE] [PCI-E 3.0, 2 ГБ GDDR5, 64 бит, 1100 МГц - 1071 МГц, DVI-D, HDMI];2,5;https://www.dns-shop.ru//product/7b6291e13ad5ed20/videokarta-powercolor-amd-radeon-550-lp-axrx-550-2gbd5-hle/
11;В наличии;9999;MSI GeForce GT 730 Silent LP [N730K-2GD3H/LP] [PCI-E 2.0, 2 ГБ GDDR3, 64 бит, 902 МГц, HDMI, VGA (D-Sub), DVI-D];4;https://www.dns-shop.ru//product/4e2d233dce283330/videokarta-msi-geforce-gt-730-silent-lp-n730k-2gd3hlp/
12;В наличии;10399;MSI GeForce GT 730 [N730-4GD3] [PCI-E 2.0, 4 ГБ GDDR3, 128 бит, 750 МГц, HDMI, VGA (D-Sub), DVI-I];3,5;https://www.dns-shop.ru//product/1d245a204f5c4699/videokarta-msi-geforce-gt-730-n730-4gd3/
13;В наличии;10599;ASUS GeForce GT 730 [GT730-4H-SL-2GD5] [PCI-E 2.0, 2 ГБ GDDR5, 64 бит, 902 МГц - 927 МГц, HDMI x4];4,5;https://www.dns-shop.ru//product/a5c7b5f420d8ed20/videokarta-asus-geforce-gt-730-gt730-4h-sl-2gd5/
14;В наличии;10799;ASUS GeForce GT 730 Silent LP [GT730-SL-2GD5-BRK-E] [PCI-E 2.0, 2 ГБ GDDR5, 64 бит, 700 МГц - 732 МГц, DVI-D, HDMI, VGA (D-Sub)];4,5;https://www.dns-shop.ru//product/027c05435631ed20/videokarta-asus-geforce-gt-730-silent-lp-gt730-sl-2gd5-brk-e/
15;В наличии;10999;MSI GeForce GT 730 [N730K-4GD3/OCV1] [PCI-E 2.0, 4 ГБ GDDR3, 64 бит, 902 МГц - 1006 МГц, DVI-D, HDMI, VGA (D-Sub)];4;https://www.dns-shop.ru//product/7811b31acff02ff2/videokarta-msi-geforce-gt-730-n730k-4gd3ocv1/
16;В наличии;11399;Inno3D GeForce GT 1030 LP [N1030-1DDV-E5BL] [PCI-E 3.0, 2 ГБ GDDR5, 64 бит, 1227 МГц - 1468 МГц, DVI-D, HDMI];4;https://www.dns-shop.ru//product/a2cb2ae60e37d763/videokarta-inno3d-geforce-gt-1030-lp-n1030-1ddv-e5bl/
17;В наличии;11999;GIGABYTE GeForce GT 1030 Low Profile D4 2G [GV-N1030D4-2GL] [PCI-E 3.0, 2 ГБ DDR4, 64 бит, 1151 МГц - 1417 МГц, HDMI, DVI-D];4,5;https://www.dns-shop.ru//product/246b8ebd54e13330/videokarta-gigabyte-geforce-gt-1030-low-profile-d4-2g-gv-n1030d4-2gl/
18;В наличии;12999;KFA2 GeForce GT 1030 [30NPH4HVQ4SK] [PCI-E 3.0, 2 ГБ GDDR5, 64 бит, 1227 МГц - 1468 МГц, HDMI, DVI-D];4,5;https://www.dns-shop.ru//product/cf0b07e0e6d53330/videokarta-kfa2-geforce-gt-1030-30nph4hvq4sk/
19;В наличии;12999;PowerColor AMD Radeon RX 550 Red Dragon LP [AXRX 550 4GBD5-HLE] [PCI-E 3.0, 4 ГБ GDDR5, 128 бит, 1100 МГц - 1071 МГц, DVI-D, HDMI];3;https://www.dns-shop.ru//product/573cc04348d1ed20/videokarta-powercolor-amd-radeon-rx-550-red-dragon-lp-axrx-550-4gbd5-hle/
20;В наличии;14799;PNY Quadro P400 V2 [VCQP400DVIV2BLK-1] [PCI-E 3.0, 2 ГБ GDDR5, 64 бит, 1070 МГц - 1170 МГц, Mini DisplayPort x3];3;https://www.dns-shop.ru//product/52731fb937483332/videokarta-pny-quadro-p400-v2-vcqp400dviv2blk-1/
21;В наличии;16599;MSI AMD Radeon RX 550 AERO ITX OC [ZT-70302-10P] [RX 550 AERO ITX 4G OC] [PCI-E 3.0, 4 ГБ GDDR5, 128 бит, 1102 МГц - 1203 МГц, HDMI, DisplayPort, DVI-D];4,5;https://www.dns-shop.ru//product/5633d9952f023330/videokarta-msi-amd-radeon-rx-550-aero-itx-oc-zt-70302-10p-rx-550-aero-itx-4g-oc/
22;В наличии;17299;PNY Quadro P400 V2 [VCQP400DVIV2-PB] [PCI-E 3.0, 2 ГБ GDDR5, 64 бит, 1070 МГц - 1170 МГц, Mini DisplayPort x3];5;https://www.dns-shop.ru//product/32b8c87437453332/videokarta-pny-quadro-p400-v2-vcqp400dviv2-pb/
23;В наличии;18999;PNY Quadro T400 [VCNT400-PB] [PCI-E 3.0, 2 ГБ GDDR6, 64 бит, 1070 МГц - 1420 МГц, Mini DisplayPort x3];4,5;https://www.dns-shop.ru//product/0052d1813b73ed20/videokarta-pny-quadro-t400-vcnt400-pb/
24;В наличии;32999;PowerColor AMD Radeon RX 6500 XT ITX [AXRX 6500XT 4GBD6-DH] [PCI-E 4.0, 4 ГБ GDDR6, 64 бит, 2610 МГц - 2815 МГц, DisplayPort, HDMI];5;https://www.dns-shop.ru//product/fcc761c272a5ed20/videokarta-powercolor-amd-radeon-rx-6500-xt-itx-axrx-6500xt-4gbd6-dh/
25;В наличии;35499;GIGABYTE GeForce GTX 1050 Ti [GV-N105TD5-4GD] [PCI-E 3.0, 4 ГБ GDDR5, 128 бит, 1290 МГц - 1430 МГц, HDMI, DisplayPort, DVI-D];4,5;https://www.dns-shop.ru//product/f264761599c43330/videokarta-gigabyte-geforce-gtx-1050-ti-gv-n105td5-4gd/
26;В наличии;39999;MSI AMD Radeon RX 6500 XT MECH 2X OC [RX 6500 XT MECH 2X 4G OC] [PCI-E 4.0, 4 ГБ GDDR6, 64 бит, 2610 МГц - 2825 МГц, DisplayPort, HDMI];0;https://www.dns-shop.ru//product/4806ab87907aed20/videokarta-msi-amd-radeon-rx-6500-xt-mech-2x-oc-rx-6500-xt-mech-2x-4g-oc/
27;В наличии;39999;MSI GeForce GTX 1050 Ti OC [GTX 1050 TI 4GT OC] [PCI-E 3.0, 4 ГБ GDDR5, 128 бит, 1341 МГц - 1455 МГц, HDMI, DisplayPort, DVI-D];4,5;https://www.dns-shop.ru//product/7c153cdfa4c43330/videokarta-msi-geforce-gtx-1050-ti-oc-gtx-1050-ti-4gt-oc/
28;В наличии;43999;Palit GeForce GTX 1660 STORMX [NE51660018J9-165F] [PCI-E 3.0, 6 ГБ GDDR5, 192 бит, 1530 МГц - 1785 МГц, DVI-D, DisplayPort, HDMI];4,5;https://www.dns-shop.ru//product/5a83f64443d93332/videokarta-palit-geforce-gtx-1660-stormx-ne51660018j9-165f/
29;В наличии;44999;ASUS Dual Radeon RX 6500 XT OC Edition [DUAL-RX6500XT-O4G] [PCI-E 4.0, 4 ГБ GDDR6, 64 бит, 2610 МГц - 2820 МГц, DisplayPort, HDMI];5;https://www.dns-shop.ru//product/7c45023884c8ed20/videokarta-asus-dual-radeon-rx-6500-xt-oc-edition-dual-rx6500xt-o4g/
30;В наличии;44999;GIGABYTE GeForce GTX 1650 OC [GV-N1650OC-4GD] [PCI-E 3.0, 4 ГБ GDDR5, 128 бит, 1485 МГц - 1710 МГц, DisplayPort, HDMI x2];4,5;https://www.dns-shop.ru//product/91b659805cfa1b80/videokarta-gigabyte-geforce-gtx-1650-oc-gv-n1650oc-4gd/
31;В наличии;44999;MSI GeForce GTX 1650 D6 VENTUS XS OC [GTX 1650 D6 VENTUS XS OC] [PCI-E 3.0, 4 ГБ GDDR6, 128 бит, 1485 МГц - 1620 МГц, DVI-D, DisplayPort, HDMI];4,5;https://www.dns-shop.ru//product/5465951567543332/videokarta-msi-geforce-gtx-1650-d6-ventus-xs-oc-gtx-1650-d6-ventus-xs-oc/
32;В наличии;45999;KFA2 GeForce GTX 1660 [60SRH7DSY91K] [PCI-E 3.0, 6 ГБ GDDR5, 192 бит, 1530 МГц - 1800 МГц, HDMI, DVI-D, DisplayPort];4,5;https://www.dns-shop.ru//product/fd4c22e944893332/videokarta-kfa2-geforce-gtx-1660-60srh7dsy91k/
33;В магазинах;46299;GIGABYTE AMD Radeon RX 6500 XT EAGLE [GV-R65XTEAGLE-4GD] [PCI-E 4.0, 4 ГБ GDDR6, 64 бит, 2610 МГц - 2815 МГц, DisplayPort, HDMI];3,5;https://www.dns-shop.ru//product/30c0da5e5656ed20/videokarta-gigabyte-amd-radeon-rx-6500-xt-eagle-gv-r65xteagle-4gd/
34;В наличии;46999;GIGABYTE AMD Radeon RX 6500 XT GAMING OC [GV-R65XTGAMING OC-4GD] [PCI-E 4.0, 4 ГБ GDDR6, 64 бит, 2610 МГц, DisplayPort, HDMI];4,5;https://www.dns-shop.ru//product/5b2d715f5655ed20/videokarta-gigabyte-amd-radeon-rx-6500-xt-gaming-oc-gv-r65xtgaming-oc-4gd/
35;В наличии;47999;GIGABYTE GeForce GTX 1660 OC [GV-N1660OC-6GD] [PCI-E 3.0, 6 ГБ GDDR5, 192 бит, 1530 МГц - 1830 МГц, DisplayPort x3, HDMI];4,5;https://www.dns-shop.ru//product/38d7d1eb43d73332/videokarta-gigabyte-geforce-gtx-1660-oc-gv-n1660oc-6gd/
36;В наличии;47999;Palit GeForce GTX 1650 Gaming Pro OC [NE61650S1BG1-1175A] [PCI-E 3.0, 4 ГБ GDDR6, 128 бит, 1410 МГц - 1725 МГц, DisplayPort x2, HDMI];4,5;https://www.dns-shop.ru//product/a1d1050c67251b80/videokarta-palit-geforce-gtx-1650-gaming-pro-oc-ne61650s1bg1-1175a/
37;В магазинах;54999;ASUS GeForce GTX 1660 SUPER PHOENIX [PH-GTX1660S-6G] [PCI-E 3.0, 6 ГБ GDDR6, 192 бит, 1530 МГц - 1815 МГц, DVI-D, DisplayPort, HDMI];3,5;https://www.dns-shop.ru//product/2b9793ecfbab3332/videokarta-asus-geforce-gtx-1660-super-phoenix-ph-gtx1660s-6g/
38;В наличии;55999;Palit GeForce RTX 3050 Dual OC [NE63050T19P1-190AD] [PCI-E 4.0, 8 ГБ GDDR6, 128 бит, 1552 МГц - 1822 МГц, DisplayPort x3, HDMI];4,5;https://www.dns-shop.ru//product/ca8a51a966e5ed20/videokarta-palit-geforce-rtx-3050-dual-oc-ne63050t19p1-190ad/
39;В наличии;56999;Palit GeForce GTX 1660 Ti Dual [NE6166T018J9-1160C] [PCI-E 3.0, 6 ГБ GDDR6, 192 бит, 1500 МГц - 1770 МГц, DVI-D, DisplayPort, HDMI];4,5;https://www.dns-shop.ru//product/65469cc7bcf22eb1/videokarta-palit-geforce-gtx-1660-ti-dual-ne6166t018j9-1160c/
40;В наличии;56999;PowerColor AMD Radeon RX 6600 Fighter [AXRX 6600 8GBD6-3DH] [PCI-E 4.0, 8 ГБ GDDR6, 128 бит, 1626 МГц - 2491 МГц, DisplayPort x3, HDMI];4,5;https://www.dns-shop.ru//product/7c767bd1144bed20/videokarta-powercolor-amd-radeon-rx-6600-fighter-axrx-6600-8gbd6-3dh/
41;В наличии;57999;ASUS TUF Gaming GeForce GTX 1660 Ti EVO OC Edition [TUF-GTX1660TI-O6G-EVO-GAMING] [PCI-E 3.0, 6 ГБ GDDR6, 192 бит, 1500 МГц - 1845 МГц, DVI-D, DisplayPort, HDMI x2];4,5;https://www.dns-shop.ru//product/f9e66d3cfb44c823/videokarta-asus-tuf-gaming-geforce-gtx-1660-ti-evo-oc-edition-tuf-gtx1660ti-o6g-evo-gaming/
42;В наличии;57999;MSI GeForce RTX 3050 VENTUS 2X OC [RTX 3050 VENTUS 2X 8G OC] [PCI-E 4.0, 8 ГБ GDDR6, 128 бит, 1552 МГц - 1807 МГц, DisplayPort x3, HDMI];4;https://www.dns-shop.ru//product/b3f658c78b04ed20/videokarta-msi-geforce-rtx-3050-ventus-2x-oc-rtx-3050-ventus-2x-8g-oc/
43;В наличии;57999;Palit GeForce GTX 1660 SUPER STORMX [NE6166S018J9-161F] [PCI-E 3.0, 6 ГБ GDDR6, 192 бит, 1530 МГц - 1785 МГц, DVI-D, DisplayPort, HDMI];4,5;https://www.dns-shop.ru//product/589d1953f93c3332/videokarta-palit-geforce-gtx-1660-super-stormx-ne6166s018j9-161f/
44;В наличии;58999;GIGABYTE GeForce RTX 2060 D6 6G (rev. 2.0) [GV-N2060D6-6GD rev2.0] [PCI-E 3.0, 6 ГБ GDDR6, 192 бит, 1365 МГц - 1680 МГц, DisplayPort x3, HDMI];3,5;https://www.dns-shop.ru//product/2b5c95dea63b2ff1/videokarta-gigabyte-geforce-rtx-2060-d6-6g-rev-20-gv-n2060d6-6gd-rev20/
45;В наличии;58999;KFA2 GeForce RTX 3050 CORE [35NSL8MD6ZOK] [PCI-E 4.0, 8 ГБ GDDR6, 128 бит, 1552 МГц - 1792 МГц, DisplayPort x3, HDMI];4,5;https://www.dns-shop.ru//product/45e67bcb71b2ed20/videokarta-kfa2-geforce-rtx-3050-core-35nsl8md6zok/
46;В магазинах;59999;GIGABYTE GeForce GTX 1660 SUPER OC [GV-N166SOC-6GD 1.0] [PCI-E 3.0, 6 ГБ GDDR6, 192 бит, 1530 МГц - 1830 МГц, HDMI, DisplayPort x3];4,5;https://www.dns-shop.ru//product/7ab448e0ee673332/videokarta-gigabyte-geforce-gtx-1660-super-oc-gv-n166soc-6gd-10/
47;В наличии;59999;GIGABYTE GeForce GTX 1660 Ti OC [GV-N166TOC-6GD] [PCI-E 3.0, 6 ГБ GDDR6, 192 бит, 1500 МГц - 1800 МГц, DisplayPort x3, HDMI];4,5;https://www.dns-shop.ru//product/8967bacaa63d2ff1/videokarta-gigabyte-geforce-gtx-1660-ti-oc-gv-n166toc-6gd/
48;В наличии;61999;GIGABYTE GeForce RTX 3050 GAMING OC [GV-N3050GAMING OC-8GD] [PCI-E 4.0, 8 ГБ GDDR6, 128 бит, 1552 МГц, DisplayPort x2, HDMI x2];4,5;https://www.dns-shop.ru//product/7a5812766493ed20/videokarta-gigabyte-geforce-rtx-3050-gaming-oc-gv-n3050gaming-oc-8gd/
49;В наличии;61999;INNO3D GeForce GTX 1660 SUPER TWIN X2 [N166SK-06D6] [PCI-E 3.0, 6 ГБ GDDR6, 192 бит, 1530 МГц - 1785 МГц, DisplayPort x3, HDMI];4,5;https://www.dns-shop.ru//product/b4182d19d8192ff2/videokarta-inno3d-geforce-gtx-1660-super-twin-x2-n166sk-06d6/
50;В наличии;61999;Palit GeForce GTX 1660 SUPER Gaming Pro OC [NE6166SS18J9-1160A-1] [PCI-E 3.0, 6 ГБ GDDR6, 192 бит, 1530 МГц - 1830 МГц, DVI-D, DisplayPort, HDMI];4,5;https://www.dns-shop.ru//product/5b47f01776972eb0/videokarta-palit-geforce-gtx-1660-super-gaming-pro-oc-ne6166ss18j9-1160a-1/
51;В наличии;61999;Palit GeForce GTX 1660 SUPER Gaming Pro [NE6166S018J9-1160A-1] [PCI-E 3.0, 6 ГБ GDDR6, 192 бит, 1530 МГц - 1785 МГц, DVI-D, DisplayPort, HDMI];4,5;https://www.dns-shop.ru//product/05b2426176982eb0/videokarta-palit-geforce-gtx-1660-super-gaming-pro-ne6166s018j9-1160a-1/
52;В магазинах;62399;MSI GeForce GTX 1660 SUPER VENTUS XS [GTX 1660 SUPER VENTUS XS] [PCI-E 3.0, 6 ГБ GDDR6, 192 бит, 1530 МГц - 1785 МГц, DisplayPort x3, HDMI];4,5;https://www.dns-shop.ru//product/4f603aef15933332/videokarta-msi-geforce-gtx-1660-super-ventus-xs-gtx-1660-super-ventus-xs/
53;В наличии;63999;Palit GeForce RTX 3050 Dual [NE63050019P1-190AD] [PCI-E 4.0, 8 ГБ GDDR6, 128 бит, 1552 МГц - 1777 МГц, DisplayPort x3, HDMI];4,5;https://www.dns-shop.ru//product/3f92d3f6620aed20/videokarta-palit-geforce-rtx-3050-dual-ne63050019p1-190ad/
54;В наличии;64999;ASUS TUF Gaming GeForce GTX 1660 Ti EVO TOP Edition [TUF-GTX1660TI-T6G-EVO-GAMING] [PCI-E 3.0, 6 ГБ GDDR6, 192 бит, 1500 МГц - 1845 МГц, DVI-D, DisplayPort, HDMI x2];4,5;https://www.dns-shop.ru//product/82c532e9fb45c823/videokarta-asus-tuf-gaming-geforce-gtx-1660-ti-evo-top-edition-tuf-gtx1660ti-t6g-evo-gaming/
55;В наличии;64999;GIGABYTE GeForce RTX 2060 D6 [GV-N2060D6-12GD] [PCI-E 3.0, 12 ГБ GDDR6, 192 бит, 1650 МГц, DisplayPort x3, HDMI];4,5;https://www.dns-shop.ru//product/cc00a0665324ed20/videokarta-gigabyte-geforce-rtx-2060-d6-gv-n2060d6-12gd/
56;В наличии;64999;MSI GeForce GTX 1660 SUPER Gaming X [GTX 1660 SUPER GAMING X] [PCI-E 3.0, 6 ГБ GDDR6, 192 бит, 1530 МГц - 1830 МГц, DisplayPort x3, HDMI];4,5;https://www.dns-shop.ru//product/41a57000f4823332/videokarta-msi-geforce-gtx-1660-super-gaming-x-gtx-1660-super-gaming-x/
57;В наличии;64999;MSI GeForce GTX 1660 SUPER Gaming Z PLUS [GTX 1660 SUPER GAMING Z PLUS] [PCI-E 3.0, 6 ГБ GDDR6, 192 бит, 1530 МГц - 1830 МГц, DisplayPort x3, HDMI];4,5;https://www.dns-shop.ru//product/33f32bb81f021b80/videokarta-msi-geforce-gtx-1660-super-gaming-z-plus-gtx-1660-super-gaming-z-plus/
58;В наличии;64999;PNY Quadro P2000 [VCQP2000-PB] [PCI-E 3.0, 5 ГБ GDDR5, 160 бит, 1370 МГц - 1470 МГц, DisplayPort x4];4;https://www.dns-shop.ru//product/7e5809f20d503330/videokarta-pny-quadro-p2000-vcqp2000-pb/
59;В наличии;65999;ASRock AMD Radeon RX 6600 XT Challenger D OC [RX6600XT CLD 8GO] [PCI-E 4.0, 8 ГБ GDDR6, 128 бит, 1968 МГц, DisplayPort x3, HDMI];4;https://www.dns-shop.ru//product/d5e4878ff5a8c823/videokarta-asrock-amd-radeon-rx-6600-xt-challenger-d-oc-rx6600xt-cld-8go/
60;В наличии;66999;GIGABYTE GeForce RTX 2060 WINDFORCE OC [GV-N2060WF2OC-12GD] [PCI-E 3.0, 12 ГБ GDDR6, 192 бит, 1470 МГц - 1680 МГц, DisplayPort x3, HDMI];4,5;https://www.dns-shop.ru//product/2e3300125324ed20/videokarta-gigabyte-geforce-rtx-2060-windforce-oc-gv-n2060wf2oc-12gd/
61;В наличии;66999;Palit GeForce RTX 2060 Dual [NE62060018K9-1160C] [PCI-E 3.0, 12 ГБ GDDR6, 192 бит, 1470 МГц - 1650 МГц, DVI-D, DisplayPort, HDMI];4,5;https://www.dns-shop.ru//product/d113fa384cc0ed20/videokarta-palit-geforce-rtx-2060-dual-ne62060018k9-1160c/
62;В магазинах;67599;EVGA GeForce RTX 2060 SC OC [06G-P4-2062-KR] [PCI-E 3.0, 6 ГБ GDDR6, 192 бит, 1365 МГц - 1710 МГц, DVI-D, DisplayPort, HDMI];4,5;https://www.dns-shop.ru//product/11a1da7079bbed20/videokarta-evga-geforce-rtx-2060-sc-oc-06g-p4-2062-kr/
63;В наличии;67999;MSI GeForce RTX 3050 GAMING X [RTX 3050 GAMING X 8G] [PCI-E 4.0, 8 ГБ GDDR6, 128 бит, 1552 МГц - 1845 МГц, DisplayPort x3, HDMI];5;https://www.dns-shop.ru//product/b3f658c58b04ed20/videokarta-msi-geforce-rtx-3050-gaming-x-rtx-3050-gaming-x-8g/
64;В наличии;68999;Powercolor AMD Radeon RX 6600 XT Fighter [AXRX 6600XT 8GBD6-3DH] [PCI-E 4.0, 8 ГБ GDDR6, 128 бит, 2359 МГц - 2589 МГц, DisplayPort x3, HDMI];4;https://www.dns-shop.ru//product/f278177af0d5d763/videokarta-powercolor-amd-radeon-rx-6600-xt-fighter-axrx-6600xt-8gbd6-3dh/
65;В магазинах;69999;ASUS Dual GeForce RTX 3050 OC Edition [DUAL-RTX3050-O8G] [PCI-E 4.0, 8 ГБ GDDR6, 128 бит, 1552 МГц - 1852 МГц, DisplayPort x3, HDMI];0;https://www.dns-shop.ru//product/da9122a584c7ed20/videokarta-asus-dual-geforce-rtx-3050-oc-edition-dual-rtx3050-o8g/
66;В наличии;69999;KFA2 GeForce RTX 3050 X BLACK [35NSL8MD6YEK] [PCI-E 4.0, 8 ГБ GDDR6, 128 бит, 1552 МГц - 1837 МГц, DisplayPort x3, HDMI];4,5;https://www.dns-shop.ru//product/5a74a34171b1ed20/videokarta-kfa2-geforce-rtx-3050-x-black-35nsl8md6yek/
67;В наличии;69999;PowerColor AMD Radeon RX 6600 Hellhound [AXRX 6600 8GBD6-3DHL] [PCI-E 4.0, 8 ГБ GDDR6, 128 бит, 1626 МГц - 2491 МГц, DisplayPort x3, HDMI];4,5;https://www.dns-shop.ru//product/e0c489b31c29ed20/videokarta-powercolor-amd-radeon-rx-6600-hellhound-axrx-6600-8gbd6-3dhl/
68;В наличии;69999;Sapphire AMD Radeon RX 6600 PULSE [11310-01-20G] [PCI-E 4.0, 8 ГБ GDDR6, 128 бит, 1626 МГц, DisplayPort x3, HDMI];4,5;https://www.dns-shop.ru//product/0f5a9f8b1520ed20/videokarta-sapphire-amd-radeon-rx-6600-pulse-11310-01-20g/
69;В наличии;70199;INNO3D GeForce RTX 2060 TWIN X2 [N20602-06D6-1710VA15L] [PCI-E 3.0, 6 ГБ GDDR6, 192 бит, 1365 МГц - 1680 МГц, DisplayPort x3, HDMI];4,5;https://www.dns-shop.ru//product/cf4c1d3976293332/videokarta-inno3d-geforce-rtx-2060-twin-x2-n20602-06d6-1710va15l/
70;В магазинах;70199;KFA2 GeForce RTX 2060 CORE (1-Click OC) [26NRL7HP68CK] [PCI-E 3.0, 6 ГБ GDDR6, 192 бит, 1365 МГц - 1695 МГц, DVI-D, DisplayPort, HDMI];4,5;https://www.dns-shop.ru//product/7fcff0585e0aed20/videokarta-kfa2-geforce-rtx-2060-core-1-click-oc-26nrl7hp68ck/
71;В наличии;72999;Sapphire AMD Radeon RX 6600 XT PULSE GAMING OC [11309-03-20G] [PCI-E 4.0, 8 ГБ GDDR6, 128 бит, 1968 МГц, DisplayPort x3, HDMI];4,5;https://www.dns-shop.ru//product/a334fe44e924d763/videokarta-sapphire-amd-radeon-rx-6600-xt-pulse-gaming-oc-11309-03-20g/
72;В наличии;74999;MSI GeForce RTX 2060 VENTUS 12G OC [RTX 2060 VENTUS 12G OC] [PCI-E 3.0, 12 ГБ GDDR6, 192 бит, 1470 МГц - 1680 МГц, DisplayPort x3, HDMI];4,5;https://www.dns-shop.ru//product/6b4f90eb5ee3ed20/videokarta-msi-geforce-rtx-2060-ventus-12g-oc-rtx-2060-ventus-12g-oc/
73;В магазинах;76699;ASRock AMD Radeon RX 6600 XT Phantom Gaming D OC [RX6600XT PGD 8GO] [PCI-E 4.0, 8 ГБ GDDR6, 128 бит, 2064 МГц - 2607 МГц, DisplayPort x3, HDMI];4,5;https://www.dns-shop.ru//product/d97b9dfafda4c823/videokarta-asrock-amd-radeon-rx-6600-xt-phantom-gaming-d-oc-rx6600xt-pgd-8go/
74;В наличии;79999;MSI AMD Radeon RX 6600 ARMOR [RX 6600 ARMOR 8G] [PCI-E 4.0, 8 ГБ GDDR6, 128 бит, 1626 МГц - 2491 МГц, DisplayPort x3, HDMI];4,5;https://www.dns-shop.ru//product/b52c7c683e13ed20/videokarta-msi-amd-radeon-rx-6600-armor-rx-6600-armor-8g/
75;В наличии;82999;Palit GeForce RTX 3060 DUAL OC (LHR) [NE63060T19K9-190AD] [PCI-E 4.0, 12 ГБ GDDR6, 192 бит, 1320 МГц - 1837 МГц, DisplayPort x3, HDMI];4,5;https://www.dns-shop.ru//product/73c504d55af71b80/videokarta-palit-geforce-rtx-3060-dual-oc-lhr-ne63060t19k9-190ad/
76;В наличии;84999;GIGABYTE GeForce RTX 2060 Super WINDFORCE OC [GV-N206SWF2OC-8GD] [PCI-E 3.0, 8 ГБ GDDR6, 256 бит, 1470 МГц - 1680 МГц, DisplayPort x3, HDMI];4,5;https://www.dns-shop.ru//product/299c166d98953332/videokarta-gigabyte-geforce-rtx-2060-super-windforce-oc-gv-n206swf2oc-8gd/
77;В наличии;86999;ASUS GeForce RTX 3060 PHOENIX (LHR) [PH-RTX3060-12G-V2] [PCI-E 4.0, 12 ГБ GDDR6, 192 бит, 1320 МГц - 1807 МГц, DisplayPort x3, HDMI];4,5;https://www.dns-shop.ru//product/aeeaafe5dd5ed763/videokarta-asus-geforce-rtx-3060-phoenix-lhr-ph-rtx3060-12g-v2/
78;В наличии;89999;ASUS Dual Radeon RX 6600 XT OC Edition [DUAL-RX6600XT-O8G] [PCI-E 4.0, 8 ГБ GDDR6, 128 бит, 1968 МГц - 2607 МГц, DisplayPort x3, HDMI];4,5;https://www.dns-shop.ru//product/0a2f607efb4cc823/videokarta-asus-dual-radeon-rx-6600-xt-oc-edition-dual-rx6600xt-o8g/
79;В наличии;89999;GIGABYTE AMD Radeon RX 6600 XT GAMING OC [GV-R66XTGAMING OC-8GD] [PCI-E 4.0, 8 ГБ GDDR6, 128 бит, 1968 МГц, DisplayPort x2, HDMI x2];4,5;https://www.dns-shop.ru//product/827924097b293332/videokarta-gigabyte-amd-radeon-rx-6600-xt-gaming-oc-gv-r66xtgaming-oc-8gd/
80;В наличии;89999;MSI AMD Radeon RX 6600 XT GAMING X [RX 6600 XT GAMING X 8G] [PCI-E 4.0, 8 ГБ GDDR6, 128 бит, 1968 МГц, DisplayPort x3, HDMI];4,5;https://www.dns-shop.ru//product/eb935c08f0e7d763/videokarta-msi-amd-radeon-rx-6600-xt-gaming-x-rx-6600-xt-gaming-x-8g/
81;В магазинах;90999;ColorFul GeForce RTX 3060 Battle-Ax NB DUO V2 L-V [RTX 3060 NB DUO 12G V2 L-V] [PCI-E 4.0, 12 ГБ GDDR6, 192 бит, 1320 МГц - 1777 МГц, DisplayPort x3, HDMI];4,5;https://www.dns-shop.ru//product/39678ea279b7ed20/videokarta-colorful-geforce-rtx-3060-battle-ax-nb-duo-v2-l-v-rtx-3060-nb-duo-12g-v2-l-v/
82;В наличии;90999;ColorFul iGame GeForce RTX 3060 Ultra W OC [RTX 3060 Ultra W OC 12G L-V] [PCI-E 4.0, 12 ГБ GDDR6, 192 бит, 1320 МГц - 1822 МГц, DisplayPort x3, HDMI];5;https://www.dns-shop.ru//product/3d9c0ebd79afed20/videokarta-colorful-igame-geforce-rtx-3060-ultra-w-oc-rtx-3060-ultra-w-oc-12g-l-v/
83;В наличии;90999;Palit GeForce RTX 3060 DUAL (LHR) [NE63060019K9-190AD] [PCI-E 4.0, 12 ГБ GDDR6, 192 бит, 1320 МГц - 1777 МГц, DisplayPort x3, HDMI];4,5;https://www.dns-shop.ru//product/ef42e95e5af71b80/videokarta-palit-geforce-rtx-3060-dual-lhr-ne63060019k9-190ad/
84;В наличии;94899;GIGABYTE GeForce RTX 3060 VISION OC (LHR) [GV-N3060VISION OC-12GD rev2.0] [PCI-E 4.0, 12 ГБ GDDR6, 192 бит, 1837 МГц, DisplayPort x2, HDMI x2];4,5;https://www.dns-shop.ru//product/17c0d174b4872eb1/videokarta-gigabyte-geforce-rtx-3060-vision-oc-lhr-gv-n3060vision-oc-12gd-rev20/
85;В наличии;94899;MSI GeForce RTX 2060 Super VENTUS OC [RTX 2060 SUPER VENTUS OC RU] [PCI-E 3.0, 8 ГБ GDDR6, 256 бит, 1470 МГц - 1665 МГц, DisplayPort x3, HDMI];4,5;https://www.dns-shop.ru//product/4806ab75907aed20/videokarta-msi-geforce-rtx-2060-super-ventus-oc-rtx-2060-super-ventus-oc-ru/
86;В наличии;94999;ASUS AMD Radeon RX 6600 XT STRIX GAMING OC [ROG-STRIX-RX6600XT-O8G-GAMING] [PCI-E 4.0, 8 ГБ GDDR6, 128 бит, 1968 МГц - 2607 МГц, DisplayPort x3, HDMI];4,5;https://www.dns-shop.ru//product/c3428920fb50c823/videokarta-asus-amd-radeon-rx-6600-xt-strix-gaming-oc-rog-strix-rx6600xt-o8g-gaming/
87;В наличии;94999;GIGABYTE AMD Radeon RX 6600 XT EAGLE [GV-R66XTEAGLE-8GD] [PCI-E 4.0, 8 ГБ GDDR6, 128 бит, 1968 МГц, DisplayPort x2, HDMI x2];2,5;https://www.dns-shop.ru//product/8ca0d44c7b283332/videokarta-gigabyte-amd-radeon-rx-6600-xt-eagle-gv-r66xteagle-8gd/
88;В наличии;94999;GIGABYTE AMD Radeon RX 6600 XT GAMING OC PRO [GV-R66XTGAMINGOC PRO-8GD] [PCI-E 4.0, 8 ГБ GDDR6, 128 бит, 1968 МГц, HDMI x2, DisplayPort x2];4,5;https://www.dns-shop.ru//product/ddc868f1e3a4d763/videokarta-gigabyte-amd-radeon-rx-6600-xt-gaming-oc-pro-gv-r66xtgamingoc-pro-8gd/
89;В наличии;94999;Palit GeForce RTX 2060 Super Dual [NE6206S018P2-1160A-1] [PCI-E 3.0, 8 ГБ GDDR6, 256 бит, 1470 МГц - 1650 МГц, DVI-D, DisplayPort, HDMI];4,5;https://www.dns-shop.ru//product/ca20104b76872eb0/videokarta-palit-geforce-rtx-2060-super-dual-ne6206s018p2-1160a-1/
90;В наличии;95999;Palit GeForce RTX 3060 Ti DUAL (LHR) [NE6306T019P2-190AD] [PCI-E 4.0, 8 ГБ GDDR6, 256 бит, 1410 МГц - 1665 МГц, DisplayPort x3, HDMI];4,5;https://www.dns-shop.ru//product/f4d2887ac69fd763/videokarta-palit-geforce-rtx-3060-ti-dual-lhr-ne6306t019p2-190ad/
91;В наличии;97499;ColorFul iGame GeForce RTX 3060 Mini OC L-V [RTX 3060 MINI OC 12G L-V] [PCI-E 4.0, 12 ГБ GDDR6, 192 бит, 1320 МГц - 1792 МГц, DisplayPort x3, HDMI];5;https://www.dns-shop.ru//product/962bb3c279b5ed20/videokarta-colorful-igame-geforce-rtx-3060-mini-oc-l-v-rtx-3060-mini-oc-12g-l-v/
92;В наличии;97499;ZOTAC GAMING GeForce RTX 3060 Twin Edge OC [ZT-A30600H-10M] [PCI-E 4.0, 12 ГБ GDDR6, 192 бит, 1320 МГц - 1807 МГц, DisplayPort x3, HDMI];4,5;https://www.dns-shop.ru//product/c60e432b69aa3332/videokarta-zotac-gaming-geforce-rtx-3060-twin-edge-oc-zt-a30600h-10m/
93;В наличии;98799;PNY Quadro RTX A2000 [VCNRTXA2000-SB] [PCI-E 4.0, 6 ГБ GDDR6, 192 бит, 562 МГц - 1200 МГц, Mini DisplayPort x4];4,5;https://www.dns-shop.ru//product/187396f56239ed20/videokarta-pny-quadro-rtx-a2000-vcnrtxa2000-sb/
94;В наличии;98999;Powercolor AMD Radeon RX 6700 XT Fighter [AXRX 6700XT 12GBD6-3DH] [PCI-E 4.0, 12 ГБ GDDR6, 192 бит, 2321 МГц - 2581 МГц, DisplayPort x3, HDMI];4,5;https://www.dns-shop.ru//product/05a26b01ee79d763/videokarta-powercolor-amd-radeon-rx-6700-xt-fighter-axrx-6700xt-12gbd6-3dh/
95;В наличии;99999;GIGABYTE GeForce RTX 3060 EAGLE [GV-N3060EAGLE-12GD] [PCI-E 4.0, 12 ГБ GDDR6, 192 бит, 1320 МГц, DisplayPort x2, HDMI x2];4;https://www.dns-shop.ru//product/b5d3a13d5b8d3332/videokarta-gigabyte-geforce-rtx-3060-eagle-gv-n3060eagle-12gd/
96;В наличии;102799;MSI GeForce RTX 3060 GAMING X (LHR) [RTX 3060 GAMING X 12G] [PCI-E 4.0, 12 ГБ GDDR6, 192 бит, 1320 МГц - 1837 МГц, DisplayPort x3, HDMI];4,5;https://www.dns-shop.ru//product/3065430f65b81b80/videokarta-msi-geforce-rtx-3060-gaming-x-lhr-rtx-3060-gaming-x-12g/
97;В наличии;102999;MSI AMD Radeon RX 6700 XT MECH 2X [RX 6700 XT MECH 2X 12G] [PCI-E 4.0, 12 ГБ GDDR6, 192 бит, 2321 МГц, DisplayPort x3, HDMI];0;https://www.dns-shop.ru//product/219911078211d760/videokarta-msi-amd-radeon-rx-6700-xt-mech-2x-rx-6700-xt-mech-2x-12g/
98;В наличии;103999;EVGA GeForce RTX 3060 GAMING XC [12G-P5-3657-KR] [PCI-E 4.0, 12 ГБ GDDR6, 192 бит, 1320 МГц - 1882 МГц, DisplayPort x3, HDMI];3,5;https://www.dns-shop.ru//product/cc99d4e9e5432ff2/videokarta-evga-geforce-rtx-3060-gaming-xc-12g-p5-3657-kr/
99;В наличии;103999;ZOTAC GAMING GeForce RTX 3060 Ti Twin Edge OC LHR [ZT-A30610H-10MLHR] [PCI-E 4.0, 8 ГБ GDDR6, 256 бит, 1410 МГц - 1695 МГц, DisplayPort x3, HDMI];4;https://www.dns-shop.ru//product/7a7ec98a79bded20/videokarta-zotac-gaming-geforce-rtx-3060-ti-twin-edge-oc-lhr-zt-a30610h-10mlhr/
100;В наличии;103999;ZOTAC GAMING GeForce RTX 3060 Twin Edge [ZT-A30600E-10M] [PCI-E 4.0, 12 ГБ GDDR6, 192 бит, 1320 МГц - 1777 МГц, DisplayPort x3, HDMI];5;https://www.dns-shop.ru//product/ffbd549a69aa3332/videokarta-zotac-gaming-geforce-rtx-3060-twin-edge-zt-a30600e-10m/
101;В наличии;104999;ASUS Dual Radeon RX 6700 XT [DUAL-RX6700XT-12G] [PCI-E 4.0, 12 ГБ GDDR6, 192 бит, 2321 МГц - 2581 МГц, DisplayPort x3, HDMI];4,5;https://www.dns-shop.ru//product/f93f23879cf32eb1/videokarta-asus-dual-radeon-rx-6700-xt-dual-rx6700xt-12g/
102;В наличии;105999;Sapphire AMD Radeon RX 6700 XT GAMING OC [11306-05-20G] [PCI-E 4.0, 12 ГБ GDDR6, 192 бит, 2321 МГц - 2620 МГц, DisplayPort x3, HDMI];5;https://www.dns-shop.ru//product/e3720c7c57cded20/videokarta-sapphire-amd-radeon-rx-6700-xt-gaming-oc-11306-05-20g/
103;В наличии;106999;ASRock AMD Radeon RX 6700 XT Challenger Pro OC [RX6700XT CLP 12GO] [PCI-E 4.0, 12 ГБ GDDR6, 192 бит, 2321 МГц - 2620 МГц, DisplayPort x3, HDMI];4,5;https://www.dns-shop.ru//product/9483d2a485eed760/videokarta-asrock-amd-radeon-rx-6700-xt-challenger-pro-oc-rx6700xt-clp-12go/
104;В наличии;107799;ASUS DUAL GeForce RTX 3060 Ti MINI V2 (LHR) [DUAL-RTX3060TI-8G-MINI-V2] [PCI-E 4.0, 8 ГБ GDDR6, 256 бит, 1410 МГц - 1695 МГц, DisplayPort x3, HDMI];4,5;https://www.dns-shop.ru//product/54f01549fb46c823/videokarta-asus-dual-geforce-rtx-3060-ti-mini-v2-lhr-dual-rtx3060ti-8g-mini-v2/
105;В магазинах;109999;ASUS ROG Strix GeForce RTX 3050 OC Edition [ROG-STRIX-RTX3050-O8G-GAMING] [PCI-E 4.0, 8 ГБ GDDR6, 128 бит, 1552 МГц - 1890 МГц, DisplayPort x3, HDMI x2];0;https://www.dns-shop.ru//product/b3f658bf8b04ed20/videokarta-asus-rog-strix-geforce-rtx-3050-oc-edition-rog-strix-rtx3050-o8g-gaming/
106;В наличии;109999;PowerColor AMD Radeon RX 6700 XT Red Devil [AXRX 6700XT 12GBD6-3DHE/OC] [PCI-E 4.0, 12 ГБ GDDR6, 192 бит, 2321 МГц - 2622 МГц, DisplayPort x3, HDMI];4,5;https://www.dns-shop.ru//product/940ce0cb7d702ff0/videokarta-powercolor-amd-radeon-rx-6700-xt-red-devil-axrx-6700xt-12gbd6-3dheoc/
107;В наличии;109999;Sapphire AMD Radeon RX 6700 XT NITRO+ GAMING OC [11306-01-20G] [PCI-E 4.0, 12 ГБ GDDR6, 192 бит, 2321 МГц - 2622 МГц, DisplayPort x3, HDMI];4,5;https://www.dns-shop.ru//product/17fa4d7782cd2ff0/videokarta-sapphire-amd-radeon-rx-6700-xt-nitro-gaming-oc-11306-01-20g/
108;В наличии;110499;ASUS Dual GeForce RTX 3060 Ti V2 OC Edition (LHR) [DUAL-RTX3060TI-O8G-V2] [PCI-E 4.0, 8 ГБ GDDR6, 256 бит, 1410 МГц - 1740 МГц, DisplayPort x3, HDMI x2];4,5;https://www.dns-shop.ru//product/471aa5c9fb49c823/videokarta-asus-dual-geforce-rtx-3060-ti-v2-oc-edition-lhr-dual-rtx3060ti-o8g-v2/
109;В магазинах;110499;ZOTAC GAMING GeForce RTX 3060 Ti AMP LHR White Edition [ZT-A30610F-10PLHR] [PCI-E 4.0, 8 ГБ GDDR6, 256 бит, 1410 МГц - 1680 МГц, DisplayPort x3, HDMI];5;https://www.dns-shop.ru//product/f101e0cdf8e4d763/videokarta-zotac-gaming-geforce-rtx-3060-ti-amp-lhr-white-edition-zt-a30610f-10plhr/
110;В наличии;111999;MSI AMD Radeon RX 6700 XT MECH 2X OC [RX 6700 XT MECH 2X 12G OC] [PCI-E 4.0, 12 ГБ GDDR6, 192 бит, 2321 МГц - 2620 МГц, DisplayPort x3, HDMI];4,5;https://www.dns-shop.ru//product/75190cb578033332/videokarta-msi-amd-radeon-rx-6700-xt-mech-2x-oc-rx-6700-xt-mech-2x-12g-oc/
111;В наличии;114999;ASUS Dual Radeon RX 6700 XT OC Edition [DUAL-RX6700XT-O12G] [PCI-E 4.0, 12 ГБ GDDR6, 192 бит, 2321 МГц - 2622 МГц, DisplayPort x3, HDMI];5;https://www.dns-shop.ru//product/b65325f7532bed20/videokarta-asus-dual-radeon-rx-6700-xt-oc-edition-dual-rx6700xt-o12g/
112;В наличии;114999;ASUS ROG Strix Radeon RX 6700 XT OC Edition [ROG-STRIX-RX6700XT-O12G-GAMING] [PCI-E 4.0, 12 ГБ GDDR6, 192 бит, 2321 МГц - 2622 МГц, DisplayPort x3, HDMI];4,5;https://www.dns-shop.ru//product/ef882c219cf42eb1/videokarta-asus-rog-strix-radeon-rx-6700-xt-oc-edition-rog-strix-rx6700xt-o12g-gaming/
113;В наличии;114999;GIGABYTE AMD Radeon RX 6700 XT GAMING OC [GV-R67XTGAMING OC-12GD] [PCI-E 4.0, 12 ГБ GDDR6, 192 бит, 2321 МГц, DisplayPort x2, HDMI x2];4,5;https://www.dns-shop.ru//product/7437d0ed64351b80/videokarta-gigabyte-amd-radeon-rx-6700-xt-gaming-oc-gv-r67xtgaming-oc-12gd/
114;В наличии;114999;GIGABYTE AORUS Radeon RX 6700 XT ELITE [GV-R67XTAORUS E-12GD] [PCI-E 4.0, 12 ГБ GDDR6, 192 бит, 2321 МГц - 2622 МГц, DisplayPort x2, HDMI x2];4,5;https://www.dns-shop.ru//product/0fe16f0b7b2a3332/videokarta-gigabyte-aorus-radeon-rx-6700-xt-elite-gv-r67xtaorus-e-12gd/
115;Товара нет в наличии;114999;Palit GeForce RTX 3060 Ti DUAL OC [NE6306TS19P2-190AD] [PCI-E 4.0, 8 ГБ GDDR6, 256 бит, 1410 МГц - 1695 МГц, DisplayPort x3, HDMI];4,5;https://www.dns-shop.ru//product/9a05fb360e871b80/videokarta-palit-geforce-rtx-3060-ti-dual-oc-ne6306ts19p2-190ad/
116;В наличии;116999;ASUS DUAL GeForce RTX 3060 Ti MINI OC Edition V2 (LHR) [DUAL-RTX3060TI-O8G-MINI-V2] [PCI-E 4.0, 8 ГБ GDDR6, 256 бит, 1410 МГц - 1710 МГц, DisplayPort x3, HDMI];4,5;https://www.dns-shop.ru//product/6961169feaa4d763/videokarta-asus-dual-geforce-rtx-3060-ti-mini-oc-edition-v2-lhr-dual-rtx3060ti-o8g-mini-v2/
117;В наличии;116999;XFX Speedster SWFT 309 AMD Radeon RX 6700 XT CORE [RX-67XTYJFDV] [PCI-E 4.0, 12 ГБ GDDR6, 192 бит, 2321 МГц - 2581 МГц, DisplayPort x3, HDMI];5;https://www.dns-shop.ru//product/46aec3e83157ed20/videokarta-xfx-speedster-swft-309-amd-radeon-rx-6700-xt-core-rx-67xtyjfdv/
118;В наличии;124999;GIGABYTE GeForce RTX 3070 Ti GAMING OC [GV-N307TGAMING OC-8GD] [PCI-E 4.0, 8 ГБ GDDR6X, 256 бит, 1575 МГц, DisplayPort x2, HDMI x2];4,5;https://www.dns-shop.ru//product/7f65939fb4862eb1/videokarta-gigabyte-geforce-rtx-3070-ti-gaming-oc-gv-n307tgaming-oc-8gd/
119;В наличии;124999;GIGABYTE GeForce RTX 3070 Ti VISION OC [GV-N307TVISION OC-8GD] [PCI-E 4.0, 8 ГБ GDDR6X, 256 бит, 1830 МГц, DisplayPort x2, HDMI x2];4,5;https://www.dns-shop.ru//product/389201d6bc712eb1/videokarta-gigabyte-geforce-rtx-3070-ti-vision-oc-gv-n307tvision-oc-8gd/
120;В наличии;127999;MSI GeForce RTX 3070 GAMING Z TRIO (LHR) [RTX 3070 GAMING Z TRIO 8G LHR] [PCI-E 4.0, 8 ГБ GDDR6, 256 бит, 1500 МГц - 1845 МГц, DisplayPort x3, HDMI];4,5;https://www.dns-shop.ru//product/d915206bcff82ff2/videokarta-msi-geforce-rtx-3070-gaming-z-trio-lhr-rtx-3070-gaming-z-trio-8g-lhr/
121;В наличии;128999;Palit GeForce RTX 3070 Ti GamingPro [NED307T019P2-1046A] [PCI-E 4.0, 8 ГБ GDDR6X, 256 бит, 1575 МГц - 1770 МГц, DisplayPort x3, HDMI];4,5;https://www.dns-shop.ru//product/bb884500ae092ff1/videokarta-palit-geforce-rtx-3070-ti-gamingpro-ned307t019p2-1046a/
122;В наличии;129999;ASUS Dual GeForce RTX 3070 V2 OC Edition (LHR) [DUAL-RTX3070-O8G-V2] [PCI-E 4.0, 8 ГБ GDDR6, 256 бит, 1500 МГц - 1800 МГц, DisplayPort x3, HDMI x2];4,5;https://www.dns-shop.ru//product/40e9c49afb4ac823/videokarta-asus-dual-geforce-rtx-3070-v2-oc-edition-lhr-dual-rtx3070-o8g-v2/
123;В наличии;134999;Palit GeForce RTX 3070 JetStream (LHR) [NE63070019P2-1040J] [PCI-E 4.0, 8 ГБ GDDR6, 256 бит, 1500 МГц - 1725 МГц, DisplayPort x3, HDMI];4,5;https://www.dns-shop.ru//product/7b1222bbc744d763/videokarta-palit-geforce-rtx-3070-jetstream-lhr-ne63070019p2-1040j/
124;В наличии;134999;Palit GeForce RTX 3070 Ti GameRock OC [NED307TT19P2-1047G] [PCI-E 4.0, 8 ГБ GDDR6X, 256 бит, 1575 МГц - 1845 МГц, DisplayPort x3, HDMI];4,5;https://www.dns-shop.ru//product/5697ec82ae092ff1/videokarta-palit-geforce-rtx-3070-ti-gamerock-oc-ned307tt19p2-1047g/
125;В наличии;134999;Palit GeForce RTX 3070 Ti GameRock [NED307T019P2-1047G] [PCI-E 4.0, 8 ГБ GDDR6X, 256 бит, 1575 МГц - 1770 МГц, DisplayPort x3, HDMI];4,5;https://www.dns-shop.ru//product/cc8c313aae082ff1/videokarta-palit-geforce-rtx-3070-ti-gamerock-ned307t019p2-1047g/
126;В наличии;136499;ColorFul iGame GeForce RTX 3070 Advanced OC LHR-V [RTX 3070 Advanced OC LHR-V] [PCI-E 4.0, 8 ГБ GDDR6, 256 бит, 1500 МГц - 1815 МГц, DisplayPort x3, HDMI];0;https://www.dns-shop.ru//product/1641af1979b9ed20/videokarta-colorful-igame-geforce-rtx-3070-advanced-oc-lhr-v-rtx-3070-advanced-oc-lhr-v/
127;В наличии;136499;ZOTAC GAMING GeForce RTX 3070 Twin Edge (LHR) [ZT-A30700E-10PLHR] [PCI-E 4.0, 8 ГБ GDDR6, 256 бит, 1500 МГц - 1725 МГц, DisplayPort x3, HDMI];0;https://www.dns-shop.ru//product/28c73fdb175bed20/videokarta-zotac-gaming-geforce-rtx-3070-twin-edge-lhr-zt-a30700e-10plhr/
128;В наличии;137799;EVGA GeForce RTX 3070 FTW3 Ultra GAMING LHR [08G-P5-3767-KL] [PCI-E 4.0, 8 ГБ GDDR6, 256 бит, 1500 МГц - 1815 МГц, DisplayPort x3, HDMI];4,5;https://www.dns-shop.ru//product/5854449379baed20/videokarta-evga-geforce-rtx-3070-ftw3-ultra-gaming-lhr-08g-p5-3767-kl/
129;В наличии;137999;GIGABYTE GeForce RTX 3070 Ti AORUS MASTER [GV-N307TAORUS M-8GD] [PCI-E 4.0, 8 ГБ GDDR6X, 256 бит, 1875 МГц, DisplayPort x3, HDMI x3];4,5;https://www.dns-shop.ru//product/d00d5ac5b4852eb1/videokarta-gigabyte-geforce-rtx-3070-ti-aorus-master-gv-n307taorus-m-8gd/
130;В наличии;137999;MSI GeForce RTX 3070 Ti GAMING X TRIO [RTX 3070 Ti GAMING X TRIO 8G] [PCI-E 4.0, 8 ГБ GDDR6X, 256 бит, 1575 МГц - 1830 МГц, DisplayPort x3, HDMI];4,5;https://www.dns-shop.ru//product/e627d5cabf792ff1/videokarta-msi-geforce-rtx-3070-ti-gaming-x-trio-rtx-3070-ti-gaming-x-trio-8g/
131;В наличии;139999;ASUS TUF Gaming GeForce RTX 3070 Ti OC Edition [TUF-RTX3070TI-O8G-GAMING] [PCI-E 4.0, 8 ГБ GDDR6X, 256 бит, 1575 МГц - 1815 МГц, DisplayPort x3, HDMI x2];4,5;https://www.dns-shop.ru//product/03737a51c8cf2ff2/videokarta-asus-tuf-gaming-geforce-rtx-3070-ti-oc-edition-tuf-rtx3070ti-o8g-gaming/
132;В наличии;139999;ASUS TUF Gaming GeForce RTX 3070 Ti [TUF-RTX3070TI-8G-GAMING] [PCI-E 4.0, 8 ГБ GDDR6X, 256 бит, 1575 МГц - 1770 МГц, DisplayPort x3, HDMI x2];4,5;https://www.dns-shop.ru//product/6b386035c8cf2ff2/videokarta-asus-tuf-gaming-geforce-rtx-3070-ti-tuf-rtx3070ti-8g-gaming/
133;В наличии;144999;ASUS ROG Strix GeForce RTX 3070 V2 White OC Edition (LHR) [ROG-STRIX-RTX3070-O8G-WHITE-V2] [PCI-E 4.0, 8 ГБ GDDR6, 256 бит, 1500 МГц - 1935 МГц, DisplayPort x3, HDMI x2];4,5;https://www.dns-shop.ru//product/e33c9effeaa8d763/videokarta-asus-rog-strix-geforce-rtx-3070-v2-white-oc-edition-lhr-rog-strix-rtx3070-o8g-white-v2/
134;В наличии;149999;PowerColor Red Devil AMD Radeon RX 6800 XT [AXRX 6800XT 16GBD6-3DHE/OC] [PCI-E 4.0, 16 ГБ GDDR6, 256 бит, 1825 МГц - 2340 МГц, DisplayPort x3, HDMI];4,5;https://www.dns-shop.ru//product/3342ed012d4f3332/videokarta-powercolor-red-devil-amd-radeon-rx-6800-xt-axrx-6800xt-16gbd6-3dheoc/
135;В наличии;149999;PowerColor Red Dragon AMD Radeon RX 6800 XT [AXRX 6800XT 16GBD6-3DHR/OC] [PCI-E 4.0, 16 ГБ GDDR6, 256 бит, 1825 МГц - 2310 МГц, DisplayPort x3, HDMI];4,5;https://www.dns-shop.ru//product/9dcdb9452d503332/videokarta-powercolor-red-dragon-amd-radeon-rx-6800-xt-axrx-6800xt-16gbd6-3dhroc/
136;В наличии;150999;Gigabyte GeForce RTX 3080 TURBO (LHR) [GV-N3080TURBO-10GD rev2.0] [PCI-E 4.0, 10 ГБ GDDR6X, 320 бит, 1440 МГц - 1710 МГц, DisplayPort x2, HDMI x2];4;https://www.dns-shop.ru//product/8a4dfe1ce0512ff2/videokarta-gigabyte-geforce-rtx-3080-turbo-lhr-gv-n3080turbo-10gd-rev20/
137;В наличии;151999;ASRock AMD Radeon RX 6800 XT Phantom Gaming D OC [RX6800XT PGD 16GO] [PCI-E 4.0, 16 ГБ GDDR6, 256 бит, 1825 МГц - 2065 МГц, DisplayPort x3, HDMI];4,5;https://www.dns-shop.ru//product/f254bb982ef43332/videokarta-asrock-amd-radeon-rx-6800-xt-phantom-gaming-d-oc-rx6800xt-pgd-16go/
138;В наличии;151999;ASUS AMD Radeon RX 6800 XT TUF GAMING OC [TUF-RX6800XT-O16G-GAMING] [PCI-E 4.0, 16 ГБ GDDR6, 256 бит, 1825 МГц - 2340 МГц, DisplayPort x3, HDMI];5;https://www.dns-shop.ru//product/4d5bdac16f503332/videokarta-asus-amd-radeon-rx-6800-xt-tuf-gaming-oc-tuf-rx6800xt-o16g-gaming/
139;В наличии;151999;MSI AMD Radeon RX 6800 XT GAMING Z TRIO [RX 6800 XT GAMING Z TRIO 16G] [PCI-E 4.0, 16 ГБ GDDR6, 256 бит, 1825 МГц - 2310 МГц, DisplayPort x3, HDMI];2,5;https://www.dns-shop.ru//product/6ba72f0f6947ed20/videokarta-msi-amd-radeon-rx-6800-xt-gaming-z-trio-rx-6800-xt-gaming-z-trio-16g/
140;В наличии;154999;GIGABYTE AMD Radeon RX 6900 XT GAMING OC [GV-R69XTGAMING OC-16GD] [PCI-E 4.0, 16 ГБ GDDR6, 256 бит, 1825 МГц - 2285 МГц, DisplayPort x2, HDMI x2];4,5;https://www.dns-shop.ru//product/4884011040603332/videokarta-gigabyte-amd-radeon-rx-6900-xt-gaming-oc-gv-r69xtgaming-oc-16gd/
141;В наличии;155999;ASUS AMD Radeon RX 6800 TUF GAMING OC [TUF-RX6800-O16G-GAMING] [PCI-E 4.0, 16 ГБ GDDR6, 256 бит, 1700 МГц - 2190 МГц, DisplayPort x3, HDMI];4,5;https://www.dns-shop.ru//product/07ba95576f513332/videokarta-asus-amd-radeon-rx-6800-tuf-gaming-oc-tuf-rx6800-o16g-gaming/
142;В наличии;155999;ASUS ROG Strix GeForce RTX 3070 White Edition (LHR) [ROG-STRIX-RTX3070-8G-WHITE-V2] [PCI-E 4.0, 8 ГБ GDDR6, 256 бит, 1500 МГц - 1755 МГц, DisplayPort x3, HDMI x2];5;https://www.dns-shop.ru//product/cbe753f820daed20/videokarta-asus-rog-strix-geforce-rtx-3070-white-edition-lhr-rog-strix-rtx3070-8g-white-v2/
143;В наличии;156999;Palit GeForce RTX 3080 GamingPro (LHR) [NED3080019IA-132AA] [PCI-E 4.0, 10 ГБ GDDR6X, 320 бит, 1440 МГц - 1710 МГц, DisplayPort x3, HDMI];4,5;https://www.dns-shop.ru//product/c688624ac743d763/videokarta-palit-geforce-rtx-3080-gamingpro-lhr-ned3080019ia-132aa/
144;В наличии;157999;PowerColor AMD Radeon RX 6900 XT Red Devil [AXRX 6900XT 16GBD6-3DHE/OC] [PCI-E 4.0, 16 ГБ GDDR6, 256 бит, 1825 МГц - 2340 МГц, DisplayPort x3, HDMI];4,5;https://www.dns-shop.ru//product/a56343b83da93332/videokarta-powercolor-amd-radeon-rx-6900-xt-red-devil-axrx-6900xt-16gbd6-3dheoc/
145;В наличии;158999;Palit GeForce RTX 3080 GamingPro (LHR) [NED3080019KB-132AA] [PCI-E 4.0, 12 ГБ GDDR6X, 384 бит, 1260 МГц - 1710 МГц, DisplayPort x3, HDMI];4,5;https://www.dns-shop.ru//product/62b6a3415ef8ed20/videokarta-palit-geforce-rtx-3080-gamingpro-lhr-ned3080019kb-132aa/
146;В наличии;159999;GIGABYTE AORUS Radeon RX 6900 XT MASTER [GV-R69XTAORUS M-16GD rev2.0] [PCI-E 4.0, 16 ГБ GDDR6, 256 бит, 1825 МГц - 2335 МГц, DisplayPort x2, HDMI x2];4,5;https://www.dns-shop.ru//product/7605b7164b3ded20/videokarta-gigabyte-aorus-radeon-rx-6900-xt-master-gv-r69xtaorus-m-16gd-rev20/
147;В наличии;160999;GIGABYTE GeForce RTX 3080 GAMING OC [GV-N3080GAMING OC-12GD] [PCI-E 4.0, 12 ГБ GDDR6X, 384 бит, 1260 МГц, DisplayPort x3, HDMI x2];4;https://www.dns-shop.ru//product/408e46a76206ed20/videokarta-gigabyte-geforce-rtx-3080-gaming-oc-gv-n3080gaming-oc-12gd/
148;В наличии;162999;GIGABYTE GeForce RTX 3080 GAMING OC WB (LHR) [GV-N3080GAMINGOC WB-10GD rev2.0] [PCI-E 4.0, 10 ГБ GDDR6X, 320 бит, 1440 МГц - 1800 МГц, DisplayPort x3, HDMI x2];3,5;https://www.dns-shop.ru//product/45709898e90ed763/videokarta-gigabyte-geforce-rtx-3080-gaming-oc-wb-lhr-gv-n3080gamingoc-wb-10gd-rev20/
149;В наличии;164999;MSI GeForce RTX 3080 GAMING Z TRIO (LHR) [RTX 3080 GAMING Z TRIO 10G LHR] [PCI-E 4.0, 10 ГБ GDDR6X, 320 бит, 1440 МГц - 1830 МГц, DisplayPort x3, HDMI];4,5;https://www.dns-shop.ru//product/70ca9283cffa2ff2/videokarta-msi-geforce-rtx-3080-gaming-z-trio-lhr-rtx-3080-gaming-z-trio-10g-lhr/
150;В наличии;164999;MSI GeForce RTX 3080 VENTUS 3X PLUS OC LHR [RTX 3080 VENTUS 3X PLUS 12G OC LHR] [PCI-E 4.0, 12 ГБ GDDR6X, 384 бит, 1260 МГц - 1740 МГц, DisplayPort x3, HDMI];5;https://www.dns-shop.ru//product/fc8afe0c8f0bed20/videokarta-msi-geforce-rtx-3080-ventus-3x-plus-oc-lhr-rtx-3080-ventus-3x-plus-12g-oc-lhr/
151;В наличии;164999;Palit GeForce RTX 3080 GAMING PRO OC LHR [NED3080S19KB-132AA] [PCI-E 4.0, 12 ГБ GDDR6X, 384 бит, 1260 МГц - 1740 МГц, DisplayPort x3, HDMI];4;https://www.dns-shop.ru//product/057957c17a89ed20/videokarta-palit-geforce-rtx-3080-gaming-pro-oc-lhr-ned3080s19kb-132aa/
152;Товара нет в наличии;164999;Palit GeForce RTX 3080 GameRock (LHR) [NED3080019KB-1020G] [PCI-E 4.0, 12 ГБ GDDR6X, 384 бит, 1260 МГц - 1710 МГц, DisplayPort x3, HDMI];4,5;https://www.dns-shop.ru//product/254ef5a766e7ed20/videokarta-palit-geforce-rtx-3080-gamerock-lhr-ned3080019kb-1020g/
153;В наличии;164999;Palit GeForce RTX 3080 GameRock (LHR) [NED3080U19IA-1020G] [PCI-E 4.0, 10 ГБ GDDR6X, 320 бит, 1440 МГц - 1755 МГц, DisplayPort x3, HDMI];4,5;https://www.dns-shop.ru//product/10424bc9c743d763/videokarta-palit-geforce-rtx-3080-gamerock-lhr-ned3080u19ia-1020g/
154;В магазинах;165999;ASRock AMD Radeon RX 6900 XT Phantom Gaming D OC [RX6900XT PGD 16GO] [PCI-E 4.0, 16 ГБ GDDR6, 256 бит, 1825 МГц - 2340 МГц, DisplayPort x3, HDMI];4,5;https://www.dns-shop.ru//product/0f94bf373c151b80/videokarta-asrock-amd-radeon-rx-6900-xt-phantom-gaming-d-oc-rx6900xt-pgd-16go/
155;В магазинах;168999;ZOTAC GAMING GeForce RTX 3080 Trinity OC LHR [ZT-A30800J-10PLHR] [PCI-E 4.0, 10 ГБ GDDR6X, 320 бит, 1440 МГц - 1725 МГц, DisplayPort x3, HDMI];5;https://www.dns-shop.ru//product/5f7fec787f0ced20/videokarta-zotac-gaming-geforce-rtx-3080-trinity-oc-lhr-zt-a30800j-10plhr/
156;В наличии;169999;ASUS TUF GAMING Radeon RX 6900 XT TOP Edition [TUF-RX6900XT-T16G-GAMING] [PCI-E 4.0, 16 ГБ GDDR6, 256 бит, 1825 МГц - 2390 МГц, DisplayPort x3, HDMI];3,5;https://www.dns-shop.ru//product/19da222125b3ed20/videokarta-asus-tuf-gaming-radeon-rx-6900-xt-top-edition-tuf-rx6900xt-t16g-gaming/
157;Товара нет в наличии;170499;GIGABYTE GeForce RTX 3080 EAGLE [GV-N3080EAGLE-10GD] [PCI-E 4.0, 10 ГБ GDDR6X, 320 бит, 1440 МГц - 1710 МГц, DisplayPort x3, HDMI x2];3,5;https://www.dns-shop.ru//product/f51cb96814df3332/videokarta-gigabyte-geforce-rtx-3080-eagle-gv-n3080eagle-10gd/
158;В наличии;170999;GIGABYTE AORUS Radeon RX 6800 MASTER [GV-R68AORUS M-16GD] [PCI-E 4.0, 16 ГБ GDDR6, 256 бит, 1700 МГц - 2105 МГц, DisplayPort x2, HDMI x2];4;https://www.dns-shop.ru//product/d8e993803a093332/videokarta-gigabyte-aorus-radeon-rx-6800-master-gv-r68aorus-m-16gd/
159;В магазинах;174999;ASRock AMD Radeon RX 6900 XT OC Formula [RX6900XT OCF 16G] [PCI-E 4.0, 16 ГБ GDDR6, 256 бит, 2125 МГц - 2475 МГц, DisplayPort x3, HDMI];4;https://www.dns-shop.ru//product/4a564c0e9b292eb1/videokarta-asrock-amd-radeon-rx-6900-xt-oc-formula-rx6900xt-ocf-16g/
160;В магазинах;174999;Sapphire AMD Radeon RX 6900 XT TOXIC GAMING OC Limited Edition [11308-06-20G] [PCI-E 4.0, 16 ГБ GDDR6, 256 бит, 1825 МГц - 2365 МГц, DisplayPort x3, HDMI];5;https://www.dns-shop.ru//product/88e9af5c1755ed20/videokarta-sapphire-amd-radeon-rx-6900-xt-toxic-gaming-oc-limited-edition-11308-06-20g/
161;В магазинах;174999;Sapphire AMD Radeon RX 6900 XT TOXIC GAMING OC [11308-13-20G] [PCI-E 4.0, 16 ГБ GDDR6, 256 бит, 1825 МГц, DisplayPort x3, HDMI];4,5;https://www.dns-shop.ru//product/94b655043556ed20/videokarta-sapphire-amd-radeon-rx-6900-xt-toxic-gaming-oc-11308-13-20g/
162;Товара нет в наличии;179299;ASUS TUF Gaming GeForce RTX 3080 V2 (LHR) [TUF-RTX3080-10G-V2-GAMING] [PCI-E 4.0, 10 ГБ GDDR6X, 320 бит, 1440 МГц - 1740 МГц, DisplayPort x3, HDMI x2];4,5;https://www.dns-shop.ru//product/91680527fb53c823/videokarta-asus-tuf-gaming-geforce-rtx-3080-v2-lhr-tuf-rtx3080-10g-v2-gaming/
163;В наличии;179999;ASUS AMD Radeon RX 6900 XT TUF GAMING OC [TUF-RX6900XT-O16G-GAMING] [PCI-E 4.0, 16 ГБ GDDR6, 256 бит, 1825 МГц - 2340 МГц, DisplayPort x3, HDMI];4;https://www.dns-shop.ru//product/790d04a76f4f3332/videokarta-asus-amd-radeon-rx-6900-xt-tuf-gaming-oc-tuf-rx6900xt-o16g-gaming/
164;В магазинах;179999;ASUS Turbo GeForce RTX 3080 V2 (LHR) [TURBO-RTX3080-10G-V2] [PCI-E 4.0, 10 ГБ GDDR6X, 320 бит, 1440 МГц - 1740 МГц, DisplayPort x3, HDMI];4;https://www.dns-shop.ru//product/0649e311fb54c823/videokarta-asus-turbo-geforce-rtx-3080-v2-lhr-turbo-rtx3080-10g-v2/
165;В наличии;179999;GIGABYTE GeForce RTX 3080 VISION OC (LHR) [GV-N3080VISION OC-10GD rev2.0] [PCI-E 4.0, 10 ГБ GDDR6X, 320 бит, 1440 МГц - 1800 МГц, DisplayPort x3, HDMI x2];4,5;https://www.dns-shop.ru//product/4ffb7b37d0042ff2/videokarta-gigabyte-geforce-rtx-3080-vision-oc-lhr-gv-n3080vision-oc-10gd-rev20/
166;В наличии;179999;GIGABYTE Radeon RX 6900 XT AORUS XTREME WATERFORCE WB [GV-R69XTAORUSX WB-16GD] [PCI-E 4.0, 16 ГБ GDDR6, 256 бит, 2250 МГц - 2525 МГц, DisplayPort x2, HDMI x2];4,5;https://www.dns-shop.ru//product/45088ccd7b2f3332/videokarta-gigabyte-radeon-rx-6900-xt-aorus-xtreme-waterforce-wb-gv-r69xtaorusx-wb-16gd/
167;В магазинах;181999;Gigabyte GeForce RTX 3080 AORUS MASTER (LHR) [GV-N3080AORUS M-10GD rev3.0] [PCI-E 4.0, 10 ГБ GDDR6X, 320 бит, 1440 МГц - 1845 МГц, DisplayPort x3, HDMI x3];4,5;https://www.dns-shop.ru//product/2f740af2e3abd763/videokarta-gigabyte-geforce-rtx-3080-aorus-master-lhr-gv-n3080aorus-m-10gd-rev30/
168;В наличии;181999;с с видеокартой Gigabyte GeForce RTX 3080 AORUS GAMING BOX (LHR) [GV-N3080IXEB-10GD rev2.0] [Thunderbolt 3 (Type-C) 4.0, 10 ГБ GDDR6X, 320 бит, 1440 МГц - 1710 МГц, DisplayPort x3, HDMI x2];4;https://www.dns-shop.ru//product/da51f69fdb0ad763/vnesnij-boks-s-videokartoj-gigabyte-geforce-rtx-3080-aorus-gaming-box-lhr-gv-n3080ixeb-10gd-rev20/
169;В наличии;182999;GIGABYTE GeForce RTX 3080 Ti VISION OC [GV-N308TVISION OC-12GD] [PCI-E 4.0, 12 ГБ GDDR6X, 384 бит, 1365 МГц, DisplayPort x3, HDMI x2];4,5;https://www.dns-shop.ru//product/81d2ed68a63c2ff1/videokarta-gigabyte-geforce-rtx-3080-ti-vision-oc-gv-n308tvision-oc-12gd/
170;В магазинах;188499;ASUS ROG Strix GeForce RTX 3080 V2 OC Edition (LHR) [ROG-STRIX-RTX3080-O10G-V2-GAMING] [PCI-E 4.0, 10 ГБ GDDR6X, 320 бит, 1440 МГц - 1935 МГц, DisplayPort x3, HDMI x2];4,5;https://www.dns-shop.ru//product/581e407dfb4ec823/videokarta-asus-rog-strix-geforce-rtx-3080-v2-oc-edition-lhr-rog-strix-rtx3080-o10g-v2-gaming/
171;В наличии;194999;ASUS AMD Radeon RX 6800 XT STRIX GAMING OC LC [ROG-STRIX-LC-RX6800XT-O16G-GAMING] [PCI-E 4.0, 16 ГБ GDDR6, 256 бит, 1825 МГц - 2360 МГц, DisplayPort x2, HDMI, USB-C];5;https://www.dns-shop.ru//product/f6984fd76f4f3332/videokarta-asus-amd-radeon-rx-6800-xt-strix-gaming-oc-lc-rog-strix-lc-rx6800xt-o16g-gaming/
172;В наличии;198999;GIGABYTE GeForce RTX 3080 Ti GAMING OC [GV-N308TGAMING OC-12GD] [PCI-E 4.0, 12 ГБ GDDR6X, 384 бит, 1365 МГц, HDMI x2, DisplayPort x3];4,5;https://www.dns-shop.ru//product/6f0ada7398d3d760/videokarta-gigabyte-geforce-rtx-3080-ti-gaming-oc-gv-n308tgaming-oc-12gd/
173;В наличии;206999;ASUS ROG Strix GeForce RTX 3080 OC Edition [ROG-STRIX-RTX3080-O12G-GAMING] [PCI-E 4.0, 12 ГБ GDDR6X, 384 бит, 1260 МГц - 1890 МГц, DisplayPort x3, HDMI x2];4,5;https://www.dns-shop.ru//product/ffbf5961854eed20/videokarta-asus-rog-strix-geforce-rtx-3080-oc-edition-rog-strix-rtx3080-o12g-gaming/
174;В наличии;209999;Palit GeForce RTX 3080 Ti GameRock [NED308T019KB-1020G] [PCI-E 4.0, 12 ГБ GDDR6X, 384 бит, 1365 МГц - 1665 МГц, DisplayPort x3, HDMI];4,5;https://www.dns-shop.ru//product/0d68b886a66a2ff1/videokarta-palit-geforce-rtx-3080-ti-gamerock-ned308t019kb-1020g/
175;В наличии;209999;Palit GeForce RTX 3080 Ti GamingPro [NED308T019KB-132AA] [PCI-E 4.0, 12 ГБ GDDR6X, 384 бит, 1365 МГц - 1665 МГц, DisplayPort x3, HDMI];4,5;https://www.dns-shop.ru//product/8492f4a2a66a2ff1/videokarta-palit-geforce-rtx-3080-ti-gamingpro-ned308t019kb-132aa/
176;В наличии;219999;MSI GeForce RTX 3080 Ti GAMING X TRIO [RTX 3080 Ti GAMING X TRIO 12G] [PCI-E 4.0, 12 ГБ GDDR6X, 384 бит, 1365 МГц - 1770 МГц, DisplayPort x3, HDMI];4,5;https://www.dns-shop.ru//product/d803f310ae212ff1/videokarta-msi-geforce-rtx-3080-ti-gaming-x-trio-rtx-3080-ti-gaming-x-trio-12g/
177;В магазинах;285999;GIGABYTE AORUS GeForce RTX 3080 MASTER [GV-N3080AORUS M-10GD] [PCI-E 4.0, 10 ГБ GDDR6X, 320 бит, 1440 МГц - 1845 МГц, DisplayPort x3, HDMI x3];4,5;https://www.dns-shop.ru//product/ef631252f6471b80/videokarta-gigabyte-aorus-geforce-rtx-3080-master-gv-n3080aorus-m-10gd/
178;В наличии;299999;Palit GeForce RTX 3090 GamingPro [NED3090019SB-132BA] [PCI-E 4.0, 24 ГБ GDDR6X, 384 бит, 1395 МГц - 1695 МГц, DisplayPort x3, HDMI];4,5;https://www.dns-shop.ru//product/48736f96ecc73332/videokarta-palit-geforce-rtx-3090-gamingpro-ned3090019sb-132ba/
179;В наличии;301999;INNO3D GeForce RTX 3090 iChill X4 [C30904-246XX-1880VA36] [PCI-E 4.0, 24 ГБ GDDR6X, 384 бит, 1395 МГц - 1755 МГц, DisplayPort x3, HDMI];4;https://www.dns-shop.ru//product/04a8b8e5ed863332/videokarta-inno3d-geforce-rtx-3090-ichill-x4-c30904-246xx-1880va36/
180;В наличии;319999;Palit GeForce RTX 3090 GamingPro OC [NED3090019SB-132BA] [PCI-E 4.0, 24 ГБ GDDR6X, 384 бит, 1395 МГц - 1725 МГц, DisplayPort x3, HDMI];4,5;https://www.dns-shop.ru//product/605e1779fca21b80/videokarta-palit-geforce-rtx-3090-gamingpro-oc-ned3090019sb-132ba/
181;В наличии;349999;MSI GeForce RTX 3090 GAMING X TRIO [RTX 3090 GAMING X TRIO 24G] [PCI-E 4.0, 24 ГБ GDDR6X, 384 бит, 1395 МГц - 1785 МГц, DisplayPort x3, HDMI];4,5;https://www.dns-shop.ru//product/32b53cc5f2403332/videokarta-msi-geforce-rtx-3090-gaming-x-trio-rtx-3090-gaming-x-trio-24g/
182;В наличии;396499;EVGA GeForce RTX 3090 FTW3 ULTRA GAMING [24G-P5-3987-KR] [PCI-E 4.0, 24 ГБ GDDR6X, 384 бит, 1395 МГц - 1800 МГц, DisplayPort x3, HDMI];4;https://www.dns-shop.ru//product/f19fb39711261b80/videokarta-evga-geforce-rtx-3090-ftw3-ultra-gaming-24g-p5-3987-kr/
